阳痿,药物治疗
阳痿,心理治疗
乙肝,药物治疗
乙肝,饮食疗法
癫痫,药物治疗
月经不调,药物治疗
颈椎病,药物治疗
颈椎病,理疗
颈椎病,手术治疗
颈椎病,中医针灸治疗
腰肌劳损,药物治疗
腰肌劳损,物理治疗
腰肌劳损,手术治疗
尿路感染,药物治疗
股骨头坏死,西医治疗
股骨头坏死,中医治疗
股骨头坏死,手术治疗
精神分裂症,药物治疗
早孕反应,药物治疗
食道癌,手术治疗
食道癌,放化疗
麦粒肿,药物治疗
麦粒肿,手术治疗
鼻咽癌,放射治疗
鼻咽癌,手术治疗
急性胰腺炎,药物治疗
急性胰腺炎,手术治疗
胆囊炎,药物治疗
胆囊炎,手术治疗
地中海贫血,药物治疗
子宫内膜癌,药物治疗
子宫内膜癌,手术治疗
动脉硬化,药物治疗
扁平疣,药物治疗
扁平疣,手术治疗
神经衰弱,药物治疗
神经衰弱,情绪疗法
尿道炎,药物治疗
性欲亢进,心理治疗
性欲亢进,药物治疗
哮喘,药物治疗
尿毒症,保守疗法
尿毒症,血液透析
尿毒症,腹膜透析
尿毒症,肾移植
流产,手术治疗
低血压,西医药物治疗
低血压,中医治疗治疗
不孕症,对症治疗
不孕症,中医中药治疗
不孕症,试管培养
肾虚,药物治疗
婴幼儿腹泻,营养不良
婴幼儿腹泻,多种维生素缺乏
婴幼儿腹泻,鹅口疮
